,ND##length##inches,FOD##length##millimeters,CtE##length##millimeters
1,1,33.4,25
1.25,1.25,42.2,32
1.5,1.5,48.3,38
2,2,60.3,51
2.5,2.5,73,64
3,3,88.9,76
3.5,3.5,101.6,89
4,4,114.3,102
5,5,141.3,127
6,6,168.3,152
8,8,219.1,203
10,10,273,254
12,12,323.8,305
14,14,355.6,356
16,16,406.4,406
18,18,457,457
20,20,508,508
22,22,559,559
24,24,610,610
